编号,姓名/称呼,类型(家长/商户),行业或孩子年级,认识途径,城市,联系方式,访谈日期,访谈方式,核心痛点一句话,现在怎么解决,是否用过AI,AI态度,更想要的档位,价格感受,是否愿再联系,是否可转介绍,建议下一步,负责人,状态,备注
1,示例-周妈妈,家长,初一,接送时认识,贵阳观山湖,微信已加,2026-08-20,当面,每晚整理班级通知和催作业很累,自己熬夜写,用过豆包,怕不准,P1家长上手,200以内能试试,是,是,约P1,薰衣草,已访谈,示范行可删
2,,,,,,,,,,,,,,,,,,,
3,,,,,,,,,,,,,,,,,,,
4,,,,,,,,,,,,,,,,,,,
5,,,,,,,,,,,,,,,,,,,
6,,,,,,,,,,,,,,,,,,,
7,,,,,,,,,,,,,,,,,,,
8,,,,,,,,,,,,,,,,,,,
9,,,,,,,,,,,,,,,,,,,
10,,,,,,,,,,,,,,,,,,,
11,,,,,,,,,,,,,,,,,,,
12,,,,,,,,,,,,,,,,,,,
13,,,,,,,,,,,,,,,,,,,
14,,,,,,,,,,,,,,,,,,,
15,,,,,,,,,,,,,,,,,,,
